MTD,vitrina.shop.by,mirtehniki.by,motoblok.by,nash-dom.shop.by,360.shop.by,gepard.by,extrastore.by,next.shop.by,24shop.by,21vek.by,pingvin.shop.by,svoiludi.by,rsmarket.by,mir-mtd.by,golden.by,bez-nal.by,papa-karlo.shop.by,technostil.by,krama.by,agro-shop.by,bikord.of.by,bes.shop.by,orion.shop.by,premium.shop.by,kosilka.by,ydachnik.by,7sotok.by,50.by,udachno.by,fazenda.shop.by,torgsin.shop.by,suseki.by,camera.shop.by,stroitel.shop.by
T/205,http://vitrina.shop.by/7205/Kultivatory/Kultivator-benzinovyy-MTD-T-205/,http://mirtehniki.by/sadovaya_tehnika/kultivator/kultivator_mtd/mtd_t_205/,http://motoblok.by/3292/1358/2032/,http://nash-dom.shop.by/,http://360.shop.by/2462/2530/2502/3182/,http://gepard.by/sadovaya-tehnika/kultivatory/kultivator-mtd-t-205,http://extrastore.by/catalog/motokultivatory,[],http://24shop.by/catalog/kultivatory-i-motobloki/motokultivator-mtd-t240-dvigatel-tecumseh-centura.html,http://www.21vek.by/cultivators/,[],http://svoiludi.by/products/mtd-t-205,http://rsmarket.by/sadovaya_tehnika/1788/,http://mir-mtd.by/catalog/product/mtd/mtd/mtd_t_205.html,http://www.golden.by/vse-dlya-doma-i-dachi/sadovaya-tehnika/komplekti-dlya-mulchirovaniya/1380230965.html,http://bez-nal.by/28667/28680/,http://papa-karlo.shop.by/1583/557/2040/2053/,http://www.technostil.by/main/garden/kultivator/mtd/,http://krama.by/sadovaya-tehnika/Kak-vybrat-kultivator/kultivatory_MTD/8868/,[],http://www.bikord.of.by/product_10101805.html,http://www.bes.shop.by/439/502/1439/2134/,http://orion.shop.by/13394/13450/39763/,http://premium.shop.by/Gazon/Kultivator/2631/T-205/,http://www.kosilka.by/product_info.php?products_id=101,http://www.ydachnik.by/catalog/?id=489,http://7sotok.by/pages/product/view/219,http://50.by/products/kultivator-benzinovyj-mtd-t205,http://udachno.by/35-snegouborochnaya-texnika/73-snegootbrasivateli-snegouborshiki-snegouborochnie-mashini.html,http://fazenda.shop.by/,http://torgsin.shop.by/7997/8011/12282/8119/,http://www.suseki.by/catalog/kultivatory/mtd/kultivator_benzinovyy_mtd_t205/,http://camera.shop.by/sadovo-perkovaya_tekhnika/kultivatory/kultivatory_MTD/10019/,http://stroitel.shop.by/Dacha_Sad_Ogorod/Motobloki_traktora/Motobloki_Traktora_mtd/4401/
1033 AST,http://www.vitrina.shop.by/7205/Trimmery-benzinovyye-/Trimmery-benzinovyye-mtd-/Trimmer-benzinovyy-MTD-710-AST/,http://mirtehniki.by/sadovaya_tehnika/,http://motoblok.by/1345/1944/,http://nash-dom.shop.by/GAZONOKOSILKI-I-TRIMMERY/Trimmery-benzinovyye/Trimmery-benzinovyye-mtd/,[],http://gepard.by/sadovaya-tehnika/trimmery/trimmer-mtd-780,http://extrastore.by/products/trimmer-benzinovyj-mtd-1033-ast,[],http://24shop.by/catalog/gazonokosilki-trimmery-minitraktory/trimmer-benzinovyy-mtd-890.html,http://www.21vek.by/trimmers/mtd_1033.html,[],http://svoiludi.by/products/mtd-1033-ast,http://rsmarket.by/sadovaya_tehnika/trimmer/2154/8453/,http://mir-mtd.by/catalog/product/trim/mtd_1033.html,http://www.golden.by/vse-dlya-doma-i-dachi/sadovaya-tehnika/gazonokosilki-trimmeri-minitraktori/mtd.html,http://bez-nal.by/28667/28672/,http://papa-karlo.shop.by/2031/,http://www.technostil.by/main/garden/trimmers/m/benzinovyj_trimmer_motokosa_mtd_990_ast_benzokosa/,http://krama.by/sadovaya-tehnika/Kak-vybrat-trimmer/6969/8865/,[],http://www.bikord.of.by/product_10053994.html,[],[],http://premium.shop.by/Gazon/1173/2270/MTD_827_AST/,http://www.kosilka.by/index.php?cat=28&filter_id=1&on_page=10&sort=price&direction=asc,http://www.ydachnik.by/catalog/10/,http://7sotok.by/pages/product/view/616,http://50.by/products/benzinovyj-trimmer-mtd-990-ast,[],[],http://torgsin.shop.by/7997/8002/8005/8088/,http://www.suseki.by/catalog/aksessuary_dlya_dachi/mtd/nasadka_kultivator_mtd_gc_720/,http://camera.shop.by/Klimaticheskaya_tekhnika/Konditsionery-Split-sistemy/Split-sistemy_nastennye/Split-sistemy_nastennye_Kitano/26909/,http://stroitel.shop.by/Gazonokosilki_Trimmeri/benzinovie_trimmeri/benzotrimmeri_MTD/mtd_827_ast/
1043 AST,http://vitrina.shop.by/GAZONOKOSILKI-I-TRIMMERY/Trimmery-benzinovyye/Trimmery-benzinovyye-mtd/8434/,http://mirtehniki.by/sadovaya_tehnika/trimmer/trimmer_mtd/mtd_1043/,http://motoblok.by/1345/1910/,http://nash-dom.shop.by/GAZONOKOSILKI-I-TRIMMERY/Trimmery-benzinovyye/Trimmery-benzinovyye-mtd/,http://360.shop.by/2462/2478/3094/,[],http://extrastore.by/catalog/benzinovyetrimmeri,[],http://24shop.by/catalog/gazonokosilki-trimmery-minitraktory/trimmer-benzinovyy-mtd-710-ast.html,http://www.21vek.by/trimmers/,http://pingvin.shop.by/Gazonokosilki_Trimmeri/benzinovie_trimmeri/benzotrimmeri_MTD/3082/,http://svoiludi.by/products/mtd-1043-ast,http://rsmarket.by/sadovaya_tehnika/trimmer/2154/8454/,http://mir-mtd.by/newest/product/trim/90.html,[],http://bez-nal.by/28667/28672/,http://papa-karlo.shop.by/2031/,http://www.technostil.by/main/garden/trimmers/m/benzinovyj_trimmer_motokosa_mtd_990_ast_benzokosa/,http://krama.by/7007/,http://agro-shop.by/sadovaya-tehnika/Kak-vybrat-trimmer/135/3032/,http://www.bikord.of.by/product_10053994.html,[],http://www.orion.shop.by/13394/10401/42987/,[],http://www.kosilka.by/index.php?cat=28&filter_id=1&on_page=10&sort=price&direction=asc,http://www.ydachnik.by/catalog/?id=1832,http://7sotok.by/pages/product/view/616,[],[],http://fazenda.shop.by/36/7/9/69/104/,http://torgsin.shop.by/7997/8002/8005/25254/,http://www.suseki.by/catalog/aksessuary_dlya_dachi/mtd/nasadka_kultivator_mtd_gc_720/,http://camera.shop.by/avto_moto/avtozvuk/Sabvufery/sab_alpine/Alpine_SWS-1043D/,[]
827 AST,http://vitrina.shop.by/7205/Trimmery-benzinovyye-/Trimmer-benzinovyy-MTD-827-AST/,http://mirtehniki.by/sadovaya_tehnika/trimmer/trimmer_mtd/mtd_1043/,http://motoblok.by/1345/1945/,http://nash-dom.shop.by/3988/Trimmery-benzinovyye-/Trimmer-benzinovyy-MTD-827-AST/,http://360.shop.by/2462/2478/3094/,http://gepard.by/sadovaya-tehnika/trimmery/mtd-827-ast,http://extrastore.by/products/trimmer-benzinovyj-mtd-827-ast,[],http://24shop.by/catalog/gazonokosilki-trimmery-minitraktory/trimmer-benzinovyy-mtd-710-ast.html,http://www.21vek.by/trimmers/,[],http://svoiludi.by/catalog/benzinovyetrimmeri,http://rsmarket.by/sadovaya_tehnika/trimmer/2154/7715/,http://mir-mtd.by/newest/product/trim/mtd_827_ast.html,http://www.golden.by/vse-dlya-doma-i-dachi/sadovaya-tehnika/gazonokosilki-trimmeri-minitraktori/mtd.html,[],http://papa-karlo.shop.by/2031/,[],http://krama.by/sadovaya-tehnika/Kak-vybrat-trimmer/6969/22109/,[],[],[],http://www.orion.shop.by/13394/10401/42987/,http://premium.shop.by/Gazon/1173/2270/MTD_827_AST/,http://www.kosilka.by/index.php?cat=28&filter_id=1&on_page=10&sort=price&direction=asc,http://www.ydachnik.by/catalog/?id=1728,http://7sotok.by/pages/product/view/616,http://50.by/products/benzinovyj-trimmer-mtd-990-ast,http://udachno.by/30-gazonokosilki-i-trimmeri/65-moshnie-motokosi/5353-benzotrimmer-mtd-827-ast.html,[],http://torgsin.shop.by/7997/8002/8005/24823/,[],http://camera.shop.by/kukhonnaya_tekhnika/SVCH-Pechki/SVCH-Pechki_Midea/,http://www.stroitel.shop.by/2/
990 AST,http://vitrina.shop.by/GAZONOKOSILKI-I-TRIMMERY/Trimmer-benzinovyy-MTD-990-AST/,http://mirtehniki.by/sadovaya_tehnika/trimmer/trimmer_mtd/728/,http://motoblok.by/1345/1944/,http://nash-dom.shop.by/GAZONOKOSILKI-I-TRIMMERY/Trimmer-benzinovyy-MTD-990-AST/,http://360.shop.by/2462/2478/3094/,http://gepard.by/sadovaya-tehnika/trimmery/trimmer-mtd-990-ast,http://extrastore.by/products/trimmer-benzinovyj-mtd-990-ast,[],[],http://www.21vek.by/trimmers/mtd_990ast.html,[],http://svoiludi.by/products/mtd-990-ast,http://rsmarket.by/sadovaya_tehnika/trimmer/,http://mir-mtd.by/newest/product/trim/mtd_990_ast.html,http://www.golden.by/vse-dlya-doma-i-dachi/sadovaya-tehnika/gazonokosilki-trimmeri-minitraktori/mtd.html,http://bez-nal.by/reviews/?item_id=40995,http://papa-karlo.shop.by/1583/17/2032/,[],http://krama.by/sadovaya-tehnika/Kak-vybrat-trimmer/6969/7008/,http://agro-shop.by/sadovaya-tehnika/Kak-vybrat-trimmer/415/,http://www.bikord.of.by/product_10053996.html,[],http://www.orion.shop.by/13394/10401/40799/,http://premium.shop.by/Gazon/1173/2270/990_AST/,http://kosilka.by/index.php?cat=28&on_page=100,http://www.ydachnik.by/catalog/?id=109,http://7sotok.by/product/benzinovyj-trimmer-mtd-990-ast-4-h-taktnyj/,http://50.by/brands/mtd,http://udachno.by/30-gazonokosilki-i-trimmeri/65-moshnie-motokosi/5354-benzokosa-mtd-990-ast-s-4-x-taktnim-dvigatelem.html,[],[],[],http://camera.shop.by/kukhonnaya_tekhnika/Khlebopechki/28932/,[]
SMART 32 E,http://vitrina.shop.by/7205/Gazonokosilki-elektricheskiye-/Gazonokosilki-elektricheskiye-MTD-/Gazonokosilka-elektricheskaya-MTD-SMART-32-E/,http://mirtehniki.by/sadovaya_tehnika/mtd_32_10/,http://motoblok.by/1377/1378/1381/,http://nash-dom.shop.by/GAZONOKOSILKI-I-TRIMMERY/Gazonokosilki-elektricheskiye/Gazonokosilki-elektricheskiye-MTD/Gazonokosilka-elektricheskaya-MTD-SMART-32-E/,http://360.shop.by/2462/2521/2522/2525/3312/,http://gepard.by/sadovaya-tehnika/gazonokosilki/mtd-smart-32-e,http://extrastore.by/catalog/elektricheskie_gazonokosilki,[],[],http://www.21vek.by/grass_cuts/,http://pingvin.shop.by/sitemap/,http://svoiludi.by/catalog/elektricheskie_gazonokosilki,http://rsmarket.by/sadovaya_tehnika/gazonokosilka/2153/7716/,http://mir-mtd.by/newest/product/gazon/89.html,http://www.golden.by/vse-dlya-doma-i-dachi/sadovaya-tehnika/gazonokosilki-trimmeri-minitraktori/mtd.html,http://bez-nal.by/28667/28668/28723/,http://papa-karlo.shop.by/1583/17/110/2021/,http://www.technostil.by/main/garden/gazon/mtd/elektricheskaya_gazonokosilka_mtd_3210_e/,http://krama.by/sadovaya-tehnika/kak-vibrat-kosilku/kosilki-mtd/17279/,http://agro-shop.by/sadovaya-tehnika/kak-vibrat-kosilku/kosilki-mtd/14472/,http://www.bikord.of.by/product_10053899.html,http://www.bes.shop.by/439/2190/2203/2443/,[],[],http://www.kosilka.by/index.php?cat=30&filter_id=1&sort=name&direction=desc,http://www.ydachnik.by/catalog/?id=1738,http://7sotok.by/pages/product/view/12,http://50.by/catalog/sadovaya-tehnika,http://udachno.by/30-gazonokosilki-i-trimmeri/69-gazonokosilki-elektricheskie.html,http://fazenda.shop.by/36/3/4/57/1726/,[],[],http://camera.shop.by/sadovo-perkovaya_tekhnika/Gazonokosilki_ehlectricheskie/Gazonokosilki_ehlectricheskie_MTD/10866/,http://stroitel.shop.by/Gazonokosilki_Trimmeri/Elektrogazonokosilki/Elektrogazonokosilki_MTD/16872/
SMART 38 E,http://vitrina.shop.by/GAZONOKOSILKI-I-TRIMMERY/Gazonokosilki-elektricheskiye/Gazonokosilka-elektricheskaya-MTD-SMART-38-E/,http://mirtehniki.by/sadovaya_tehnika/pila/pila_husqvarna/husqvarna_240/,http://motoblok.by/3292/1358/,http://nash-dom.shop.by/GAZONOKOSILKI-I-TRIMMERY/Gazonokosilki-elektricheskiye/Gazonokosilka-elektricheskaya-MTD-SMART-38-E/,http://360.shop.by/2462/2463/2469/,http://gepard.by/sadovaya-tehnika/gazonokosilki/mtd-smart-32-e,http://extrastore.by/products/elektricheskaya-gazonokosilka-mtd-smart-38-e,[],http://24shop.by/catalog/gazonokosilki-trimmery-minitraktory/elektricheskaya-gazonokosilka-mtd-smart-38e.html,http://www.21vek.by/grass_cuts/,http://pingvin.shop.by/Gazonokosilki_Trimmeri/Elektrogazonokosilki/Elektrogazonokosilki_MTD/14395/,[],http://rsmarket.by/sadovaya_tehnika/gazonokosilka/,http://mir-mtd.by/random/product/gazon/mtd_smart_38_e.html,[],http://bez-nal.by/28667/28668/28723/44926/,[],http://www.technostil.by/main/garden/gazon/mtd/elektricheskaya_gazonokosilka_mtd_3813_e/,http://krama.by/sadovaya-tehnika/kak-vibrat-kosilku/kosilki-mtd/17280/,[],http://www.bikord.of.by/product_10053904.html,[],[],[],http://kosilka.by/index.php?cat=25,http://www.ydachnik.by/catalog/?id=1739,http://7sotok.by/pages/product/view/12,http://50.by/catalog/gazonokosilki/-mtd,http://udachno.by/30-gazonokosilki-i-trimmeri/69-gazonokosilki-elektricheskie/5365-gazonokosilka-elektricheskaya-mtd-smart-38-e.html,http://fazenda.shop.by/,http://torgsin.shop.by/7997/7998/8553/24822/,[],http://camera.shop.by/sadovo-perkovaya_tekhnika/Gazonokosilki_ehlectricheskie/Gazonokosilki_ehlectricheskie_MTD/,http://stroitel.shop.by/sitemap/
395 PO,http://vitrina.shop.by/7205/Gaznokosilki-benzinovyye-nesamokhodnyye-/,http://mirtehniki.by/sadovaya_tehnika/gazonokosilka/,http://motoblok.by/1335/1954/,http://nash-dom.shop.by/GAZONOKOSILKI-I-TRIMMERY/Gaznokosilki-benzinovyye-nesamokhodnyye/Gazonokosilka-benzinovaya-nesamokhodnaya-MTD-395-PO/,[],http://gepard.by/sadovaya-tehnika/gazonokosilki/benzinovaya-gazonokosilka-mtd-395-po,http://extrastore.by/products/gazonokosilka-mtd-395-po,[],http://24shop.by/catalog/gazonokosilki-trimmery-minitraktory/Minitraktor/,http://www.21vek.by/trimmers/,http://pingvin.shop.by/reviews/?item_id=4075,http://svoiludi.by/catalog/gazonokosilki/mtd,http://rsmarket.by/sadovaya_tehnika/gazonokosilka/2153/2222/,http://mir-mtd.by/random/product/gazon/mtd_395_po.html,http://www.golden.by/vse-dlya-doma-i-dachi/sadovaya-tehnika/gazonokosilki-trimmeri-minitraktori/1354143109.html,http://bez-nal.by/28667/28670/28671/31952/,http://papa-karlo.shop.by/1583/17/18/2023/2045/,[],http://krama.by/7010/,http://agro-shop.by/sadovaya-tehnika/Kak-vybrat-trimmer/Trimmers/,http://www.bikord.of.by/category_354338.html,[],[],[],http://kosilka.by/index.php?cat=27,http://www.ydachnik.by/catalog/?id=80,http://7sotok.by/pages/product/view/98,http://50.by/products/gazonokosilka-nesamohodnaya-benzinovaya-mtd-395-po,[],http://fazenda.shop.by/36/3/5/61/84/,[],http://www.suseki.by/catalog/gazonokosilki/mtd/gazonokosilka_benzinovaya_mtd_395_po/,[],http://stroitel.shop.by/generatori/generatori_loncin/loncin_lc_2000i/
SMART 46 PO,http://vitrina.shop.by/GAZONOKOSILKI-I-TRIMMERY/Gaznokosilki-benzinovyye-nesamokhodnyye/Gazonokosilka-benzinovaya-MTD-SMART-46-PO/,http://mirtehniki.by/sadovaya_tehnika/gazonokosilka/gazonokosilka_mtd/mtd_46_po/,http://motoblok.by/1318/?page_size=60&page_id=1,http://nash-dom.shop.by/GAZONOKOSILKI-I-TRIMMERY/Gaznokosilki-benzinovyye-nesamokhodnyye/Gazonokosilka-benzinovaya-MTD-SMART-46-PO/,[],http://gepard.by/sadovaya-tehnika/gazonokosilki/mtd-smart-46-po,http://extrastore.by/products/gazonokosilka-benzinovaya-mtd-46-po-smart,[],http://24shop.by/catalog/gazonokosilki-trimmery-minitraktory/benzinovaya-gazonokosilka-mtd-46-po.html,http://www.21vek.by/grass_cuts/,http://pingvin.shop.by/sitemap/,http://svoiludi.by/catalog/gazonokosilki/mtd,http://rsmarket.by/sadovaya_tehnika/gazonokosilka/2153/7718/,http://mir-mtd.by/catalog/product/gazon/mtd_46_po.html,http://www.golden.by/vse-dlya-doma-i-dachi/sadovaya-tehnika/gazonokosilki-trimmeri-minitraktori/mtd.html,http://bez-nal.by/28667/28670/28671/31946/,http://papa-karlo.shop.by/1583/17/18/2023/2046/,http://www.technostil.by/main/garden/gazon/mtd/nesamohodnaya_benzinovaya_gazonokosilka_mtd_46_po/,http://krama.by/sadovaya-tehnika/7129/,http://agro-shop.by/sadovaya-tehnika/,[],http://bes.shop.by/439/459/1392/,http://orion.shop.by/13394/13395/41854/,http://premium.shop.by/Gazon/GazonokosilkaBenzo/2283/46_PO/,http://www.kosilka.by/index.php?cat=27&filter_id=1,http://www.ydachnik.by/catalog/?id=1740,http://7sotok.by/pages/product/view/56,[],[],http://fazenda.shop.by/,http://torgsin.shop.by/7997/8000/8001/,http://www.suseki.by/catalog/gazonokosilki/mtd/gazonokosilka_mtd_46_spo_smart/,http://camera.shop.by/sadovo-perkovaya_tekhnika/Gazonokosolki_benzinovye/Gazonokosolki_benzinovye_MTD/MTD_SMART_46_PO/,[]
OPTIMA 46 PB,http://vitrina.shop.by/GAZONOKOSILKI-I-TRIMMERY/Gaznokosilki-benzinovyye-nesamokhodnyye/Gazonokosilka-benzinovaya-MTD-OPTIMA-46-PB/,http://mirtehniki.by/sadovaya_tehnika/gazonokosilka/gazonokosilka_mtd/mtd_46_pb/,http://motoblok.by/1335/1977/,[],[],http://gepard.by/sadovaya-tehnika/gazonokosilki/mtd-optima-46-pb,http://extrastore.by/blog/novinki-ot-mtd,[],http://24shop.by/catalog/gazonokosilki-trimmery-minitraktory/benzinovaya-gazonokosilka-mtd-46-pb.html,http://www.21vek.by/grass_cuts/mtd_46pb.html?print,[],http://svoiludi.by/catalog/gazonokosilki/mtd,http://rsmarket.by/sadovaya_tehnika/gazonokosilka/,http://mir-mtd.by/random/product/gazon/mtd_46_pb.html,http://www.golden.by/vse-dlya-doma-i-dachi/sadovaya-tehnika/gazonokosilki-trimmeri-minitraktori/135484927.html,http://bez-nal.by/28667/28670/28671/31945/,http://papa-karlo.shop.by/1583/17/18/2023/2047/,[],http://krama.by/sadovaya-tehnika/kak-vibrat-kosilku/kosilki-mtd/8793/,[],http://www.bikord.of.by/product_10053966.html,http://bes.shop.by/439/459/1393/,http://www.orion.shop.by/13394/13395/41853/,http://premium.shop.by/Gazon/GazonokosilkaBenzo/2283/46_PB/,[],http://www.ydachnik.by/catalog/?id=1852,http://7sotok.by/pages/product/view/69,[],http://udachno.by/30-gazonokosilki-i-trimmeri/68-gazonokosilki-benzinovie.html,http://fazenda.shop.by/36/3/5/61/,[],http://www.suseki.by/catalog/gazonokosilki/mtd/gazonokosilka_mtd_46_spo_smart/,http://camera.shop.by/sadovo-perkovaya_tekhnika/Gazonokosolki_benzinovye/Gazonokosolki_benzinovye_MTD/MTD_46_PB-4/,[]
SMART 46 SPO,http://vitrina.shop.by/GAZONOKOSILKI-I-TRIMMERY/Gazonokosilka-benzinovaya-MTD-SMART-46-SPO/,http://mirtehniki.by/sadovaya_tehnika/gazonokosilka/gazonokosilka_mtd/mtd_46_spo/,[],http://nash-dom.shop.by/GAZONOKOSILKI-I-TRIMMERY/Gazonokosilka-benzinovaya-MTD-SMART-46-SPO/,[],[],http://extrastore.by/products/gazonokosilka-benzinovaya-mtd-46-spo-smart,[],http://24shop.by/catalog/gazonokosilki-trimmery-minitraktory/benzinovaya-gazonokosilka-samokhodnaya-mtd-46-spo.html,http://www.21vek.by/grass_cuts/,http://pingvin.shop.by/sitemap/,[],http://rsmarket.by/sadovaya_tehnika/gazonokosilka/2153/7720/,http://mir-mtd.by/catalog/product/gazon/mtd_46_spo.html,http://www.golden.by/vse-dlya-doma-i-dachi/sadovaya-tehnika/gazonokosilki-trimmeri-minitraktori/135484929.html,[],http://papa-karlo.shop.by/1583/17/18/2023/2048/,http://www.technostil.by/main/garden/gazon/mtd/samohodnaya_benzinovaya_gazonokosilka_mtd_46_spo/,http://krama.by/sadovaya-tehnika/kak-vibrat-kosilku/kosilki-mtd/3514/,[],[],[],http://orion.shop.by/13394/13395/41855/,http://www.premium.shop.by/Gazon/GazonokosilkaBenzo/2283/46_SPO/,http://www.kosilka.by/index.php?cat=27&filter_id=1,http://www.ydachnik.by/catalog/?id=1742,[],http://50.by/catalog/gazonokosilki/-mtd,http://udachno.by/30-gazonokosilki-i-trimmeri/68-gazonokosilki-benzinovie.html,http://fazenda.shop.by/36/3/5/61/87/,http://torgsin.shop.by/7997/8000/8001/8049/,http://www.suseki.by/catalog/gazonokosilki/mtd/gazonokosilka_mtd_46_spo_smart/,[],http://stroitel.shop.by/Dacha_Sad_Ogorod/Gazonokosilki_Trimmeri/Benzin_gazonokosilki/benzogazonokosilki_MTD/3944/
OPTIMA 46 SPB,http://vitrina.shop.by/GAZONOKOSILKI-I-TRIMMERY/Gazonokosilka-benzinovaya-MTD-SMART-46-SPB-HW/,http://mirtehniki.by/sadovaya_tehnika/gazonokosilka/gazonokosilka_mtd/mtd_46_spb/,http://motoblok.by/1335/1957/,[],[],http://gepard.by/sadovaya-tehnika/gazonokosilki/mtd-optima-46-spb-hw,http://extrastore.by/products/gazonokosilka-benzinovaya-46-spb-optima-,[],http://24shop.by/catalog/gazonokosilki-trimmery-minitraktory/benzinovaya-gazonokosilka-mtd-optima-46-srb-.html,http://www.21vek.by/grass_cuts/,[],http://svoiludi.by/catalog/gazonokosilki/mtd,[],http://mir-mtd.by/catalog/product/mtd_benzo_gazon/mtd_benzo_gazon/62.html,http://www.golden.by/maker/mtd,http://bez-nal.by/28667/28670/28671/42170/,http://papa-karlo.shop.by/1583/17/18/2023/2049/,[],http://krama.by/sadovaya-tehnika/kak-vibrat-kosilku/kosilki-mtd/6997/,http://agro-shop.by/sadovaya-tehnika/kak-vibrat-kosilku/kosilki-mtd/17553/,[],[],[],[],http://www.kosilka.by/index.php?cat=27&filter_id=1,http://www.ydachnik.by/catalog/?id=1746,http://7sotok.by/pages/product/view/70,[],http://udachno.by/30-gazonokosilki-i-trimmeri/68-gazonokosilki-benzinovie/5368-gazonokosilka-benzinovaya-mtd-optima-46-spb-hw-samoxodnaya.html,http://fazenda.shop.by/36/3/5/61/,http://torgsin.shop.by/7997/8000/8001/8057/,[],[],http://stroitel.shop.by/Gazonokosilki_Trimmeri/Benzinovie_gazonokosilki/benzogazonokosilki_MTD/3946/
OPTIMA 46 SPB HW,http://vitrina.shop.by/GAZONOKOSILKI-I-TRIMMERY/Gazonokosilka-benzinovaya-MTD-SMART-46-SPB-HW/,http://mirtehniki.by/sadovaya_tehnika/gazonokosilka/gazonokosilka_mtd/mtd_46_spb/,http://motoblok.by/1335/1336/,http://nash-dom.shop.by/GAZONOKOSILKI-I-TRIMMERY/Gazonokosilka-benzinovaya-MTD-SMART-46-SPB-HW/,[],http://gepard.by/sadovaya-tehnika/gazonokosilki/mtd-optima-46-spb-hw,http://extrastore.by/blog/novinki-ot-mtd,[],[],http://www.21vek.by/grass_cuts/mtd_optima53spbhw.html,http://pingvin.shop.by/Gazonokosilki_Trimmeri/Benzinovie_gazonokosilki/benzogazonokosilki_MTD/3098/,http://svoiludi.by/products/mtd-optima-46-spb,http://rsmarket.by/sadovaya_tehnika/gazonokosilka/,http://mir-mtd.by/catalog/product/mtd_benzo_gazon/mtd_benzo_gazon/62.html,http://www.golden.by/maker/mtd,http://bez-nal.by/28667/28670/28671/42170/,[],[],http://krama.by/sadovaya-tehnika/kak-vibrat-kosilku/kosilki-mtd/6997/,http://agro-shop.by/sadovaya-tehnika/kak-vibrat-kosilku/kosilki-mtd/4905/,http://www.bikord.of.by/product_10053970.html,[],http://www.orion.shop.by/13394/13395/41859/,http://premium.shop.by/Gazon/GazonokosilkaBenzo/2283/MTD_46_SPB_HW/,http://www.kosilka.by/index.php?cat=27&filter_id=1,http://www.ydachnik.by/catalog/?id=1746,http://7sotok.by/pages/product/view/70,http://50.by/catalog/gazonokosilki/-mtd,http://udachno.by/30-gazonokosilki-i-trimmeri/68-gazonokosilki-benzinovie.html,[],http://torgsin.shop.by/7997/8000/8001/22066/,[],[],[]
51 BO,http://vitrina.shop.by/7205/Gaznokosilki-benzinovyye-nesamokhodnyye-/,http://mirtehniki.by/sadovaya_tehnika/gazonokosilka/gazonokosilka_mtd/,http://motoblok.by/1335/1913/,[],http://360.shop.by/2462/2478/3063/,http://gepard.by/sadovaya-tehnika/gazonokosilki/benzinovaya-gazonokosilka-mtd-51-bo,http://extrastore.by/products/gazonokosilka-mtd-51-bo,[],http://24shop.by/catalog/gazonokosilki-trimmery-minitraktory/elektricheskaya-gazonokosilka-mtd-smart-38e.html,http://www.21vek.by/grass_cuts/mtd_51bo.html,http://pingvin.shop.by/Gazonokosilki_Trimmeri/Benzinovie_gazonokosilki/benzogazonokosilki_MTD/3091/,http://svoiludi.by/catalog/gazonokosilki/mtd,http://rsmarket.by/sadovaya_tehnika/gazonokosilka/,http://mir-mtd.by/newest/product/gazon/mtd_51_bo.html,http://www.golden.by/vse-dlya-doma-i-dachi/sadovaya-tehnika/gazonokosilki-trimmeri-minitraktori/135484926.html,http://bez-nal.by/reviews/?item_id=40956,http://papa-karlo.shop.by/1583/17/18/2023/2044/,[],http://krama.by/sadovaya-tehnika/kak-vibrat-kosilku/kosilki-mtd/6998/,[],[],[],[],http://www.premium.shop.by/Gazon/GazonokosilkaBenzo/2283/51_BO/,http://www.kosilka.by/product_info.php?products_id=173,http://www.ydachnik.by/catalog/?id=79,http://7sotok.by/pages/product/view/57,http://50.by/brands/mtd,[],http://fazenda.shop.by/36/3/5/61/83/,http://torgsin.shop.by/7997/8000/8001/,[],[],http://stroitel.shop.by/Gazonokosilki_Trimmeri/Benzinovie_gazonokosilki/benzogazonokosilki_MTD/3940/
SMART 53 SPO,http://vitrina.shop.by/GAZONOKOSILKI-I-TRIMMERY/Gazonokosilki-benzinovyye-samokhodnyye/Gazonokosilki-benzinovyye-samokhodnyye-MTD/,[],http://motoblok.by/1335/1952/,http://nash-dom.shop.by/GAZONOKOSILKI-I-TRIMMERY/Gazonokosilka-benzinovaya-MTD-SMART-53-SPO/,http://360.shop.by/2462/2478/2479/3102/,[],http://extrastore.by/blog/novinki-ot-mtd,[],[],http://www.21vek.by/grass_cuts/mtd_smart53spo.html,http://pingvin.shop.by/Gazonokosilki_Trimmeri/Benzinovie_gazonokosilki/benzogazonokosilki_MTD/3099/,http://svoiludi.by/catalog/gazonokosilki/mtd,http://rsmarket.by/sadovaya_tehnika/gazonokosilka/,http://mir-mtd.by/products/page1/gazon.html,http://www.golden.by/vse-dlya-doma-i-dachi/sadovaya-tehnika/gazonokosilki-trimmeri-minitraktori/1354115555.html,[],http://papa-karlo.shop.by/1583/17/18/2023/2074/,[],http://krama.by/sadovaya-tehnika/7129/,[],[],http://bes.shop.by/439/459/1396/,[],http://premium.shop.by/Gazon/GazonokosilkaBenzo/2283/53_SPO/,http://www.kosilka.by/product_info.php?products_id=183,http://www.ydachnik.by/catalog/?id=1749,http://7sotok.by/pages/product/view/79,[],[],http://fazenda.shop.by/36/3/5/61/1727/,http://torgsin.shop.by/7997/8000/8001/8055/,[],[],http://stroitel.shop.by/Gazonokosilki_Trimmeri/Benzinovie_gazonokosilki/benzogazonokosilki_MTD/3948/
OPTIMA 53 SPB,http://vitrina.shop.by/GAZONOKOSILKI-I-TRIMMERY/Gazonokosilki-benzinovyye-samokhodnyye/Gazonokosilki-benzinovyye-samokhodnyye-MTD/,[],[],http://nash-dom.shop.by/GAZONOKOSILKI-I-TRIMMERY/Gazonokosilka-benzinovaya-MTD-SMART-53-SPB/,http://360.shop.by/2462/2478/2479/3114/,http://gepard.by/sadovaya-tehnika/gazonokosilki/mtd-optima-53-spb,http://extrastore.by/blog/novinki-ot-mtd,[],http://24shop.by/catalog/gazonokosilki-trimmery-minitraktory/benzinovaya-gazonokosilka-mtd-optima-53-spb-hw.html,http://www.21vek.by/grass_cuts/mtd_optima53spbhw.html?print,[],http://svoiludi.by/products/mtd-optima-53-spb,http://rsmarket.by/sadovaya_tehnika/gazonokosilka/2153/7725/,http://mir-mtd.by/catalog/product/mtd_benzo_gazon/mtd_benzo_gazon/mtd_53_spb_hw.html,http://www.golden.by/vse-dlya-doma-i-dachi/sadovaya-tehnika/gazonokosilki-trimmeri-minitraktori/1354200375.html,http://bez-nal.by/28667/,http://papa-karlo.shop.by/1583/17/18/2023/2969/,[],http://krama.by/sadovaya-tehnika/kak-vibrat-kosilku/kosilki-mtd/9142/,[],http://www.bikord.of.by/product_10053975.html,http://bes.shop.by/439/459/1395/,http://www.orion.shop.by/13394/13395/43198/,http://www.premium.shop.by/Gazon/GazonokosilkaBenzo/2283/MTD_53_SPB_HW/,http://www.kosilka.by/product_info.php?products_id=181,http://www.ydachnik.by/catalog/?id=1748,http://7sotok.by/pages/price,[],http://udachno.by/30-gazonokosilki-i-trimmeri/68-gazonokosilki-benzinovie.html,http://fazenda.shop.by/,http://torgsin.shop.by/7997/8000/8001/14331/,http://www.suseki.by/catalog/gazonokosilki/mtd/gazonokosilka_mtd_53_spo_smart/,http://camera.shop.by/sadovo-perkovaya_tekhnika/Gazonokosolki_benzinovye/Gazonokosolki_benzinovye_MTD/MTD_OPTIMA_46_SPB/,[]
OPTIMA 53 SPB HW,http://vitrina.shop.by/7205/Gazonokosilki-benzinovyye-samokhodnyye-/,[],http://motoblok.by/1335/1336/,http://nash-dom.shop.by/GAZONOKOSILKI-I-TRIMMERY/Gazonokosilka-benzinovaya-MTD-SMART-53-SPB-HW/,[],http://gepard.by/sadovaya-tehnika/gazonokosilki/mtd-optima-53-spb-hw,http://extrastore.by/blog/novinki-ot-mtd,[],http://24shop.by/catalog/gazonokosilki-trimmery-minitraktory/benzinovaya-gazonokosilka-mtd-optima-53-spb-hw.html,http://www.21vek.by/grass_cuts/mtd_optima53spbhw.html,[],http://svoiludi.by/products/mtd-optima-53-spb-hw,http://rsmarket.by/sadovaya_tehnika/gazonokosilka/,http://mir-mtd.by/catalog/product/gazon/mtd_53_spb_hw.html,[],http://bez-nal.by/28667/,http://papa-karlo.shop.by/1583/17/18/2023/2969/,[],http://krama.by/sadovaya-tehnika/kak-vibrat-kosilku/kosilki-mtd/18112/,[],[],[],http://www.orion.shop.by/13394/13395/41866/,http://premium.shop.by/Gazon/GazonokosilkaBenzo/2283/MTD_53_SPB_HW/,http://www.kosilka.by/index.php?cat=27&filter_id=1,http://www.ydachnik.by/catalog/?id=1748,http://7sotok.by/pages/product/view/71,[],http://udachno.by/30-gazonokosilki-i-trimmeri/68-gazonokosilki-benzinovie/5371-gazonokosilka-benzinovaya-optima-53-spb-hw-samoxodnaya.html,http://fazenda.shop.by/,http://torgsin.shop.by/7997/8000/8001/,[],http://camera.shop.by/sadovo-perkovaya_tekhnika/Gazonokosolki_benzinovye/Gazonokosolki_benzinovye_MTD/MTD_OPTIMA_53_SPB_HW/,[]
ADVANCE 53 SPK HW,http://vitrina.shop.by/GAZONOKOSILKI-I-TRIMMERY/Gazonokosilka-benzinovaya-MTD-ADVANCE-53-SPK-HW/,http://mirtehniki.by/sadovaya_tehnika/gazonokosilka/gazonokosilka_mtd/mtd_spkv_hw/,http://motoblok.by/1335/1336/,http://nash-dom.shop.by/GAZONOKOSILKI-I-TRIMMERY/Gazonokosilka-benzinovaya-MTD-ADVANCE-53-SPK-HW/,http://360.shop.by/2462/2478/2479/3102/,http://gepard.by/sadovaya-tehnika/gazonokosilki/mexanicheskaya-gazonokosilka-mtd-rm-380,[],[],http://24shop.by/catalog/gazonokosilki-trimmery-minitraktory/gazonokosilka-mtd-advance-53-spkv-hw.html,[],http://pingvin.shop.by/Gazonokosilki_Trimmeri/Benzinovie_gazonokosilki/benzogazonokosilki_MTD/11410/,http://svoiludi.by/catalog/gazonokosilki/mtd,[],http://mir-mtd.by/catalog/product/mtd_benzo_gazon/mtd_benzo_gazon/mtd_53_spk_hw.html,[],[],http://papa-karlo.shop.by/1583/17/18/2023/2969/,[],[],[],http://www.bikord.of.by/product_10053975.html,http://bes.shop.by/439/459/1396/,http://www.orion.shop.by/13394/13395/41866/,[],http://www.kosilka.by/product_reviews_write.php?products_id=185,http://www.ydachnik.by/catalog/?id=1758,[],[],http://udachno.by/30-gazonokosilki-i-trimmeri/68-gazonokosilki-benzinovie/4461-gazonokosilka-benzinovaya-mtd-53-spk-hw-samoxodnaya.html,http://fazenda.shop.by/36/3/5/61/1730/,http://torgsin.shop.by/7997/8000/,http://www.suseki.by/catalog/gazonokosilki/?PAGEN_1=3,http://camera.shop.by/sadovo-perkovaya_tekhnika/Gazonokosolki_benzinovye/Gazonokosolki_benzinovye_MTD/26056/,[]
ADVANCE 53 SPKV HW,http://vitrina.shop.by/GAZONOKOSILKI-I-TRIMMERY/Gazonokosilki-benzinovyye-samokhodnyye/Gazonokosilki-benzinovyye-samokhodnyye-MTD/,http://mirtehniki.by/sadovaya_tehnika/gazonokosilka/gazonokosilka_mtd/mtd_spkv_hw/,[],http://nash-dom.shop.by/GAZONOKOSILKI-I-TRIMMERY/Gazonokosilka-benzinovaya-MTD-ADVANCE-53-SPKV-HW/,[],http://gepard.by/sadovaya-tehnika/gazonokosilki/mtd-advance-53-spkv-hw,http://extrastore.by/catalog/benzinovye_gazonokosilki,[],http://24shop.by/catalog/gazonokosilki-trimmery-minitraktory/gazonokosilka-mtd-advance-53-spkv-hw.html,http://www.21vek.by/grass_cuts/,http://pingvin.shop.by/Gazonokosilki_Trimmeri/Benzinovie_gazonokosilki/benzogazonokosilki_MTD/mtd_advance_53_spkv_hw/,[],[],http://mir-mtd.by/catalog/product/gazon/mtd_advance_53_spkv_hw.html,[],http://bez-nal.by/28667/28670/28671/45106/,http://papa-karlo.shop.by/1583/17/18/2023/2969/,http://www.technostil.by/main/garden/gazon/mtd/samohodnaya_benzinovaya_gazonokosilka_mtd_53_spb_hw/,http://krama.by/sadovaya-tehnika/7129/,[],http://www.bikord.of.by/product_10053975.html,http://bes.shop.by/439/459/1396/,http://www.orion.shop.by/13394/13395/41866/,[],http://www.kosilka.by/index.php?cat=27&filter_id=1,[],[],http://50.by/catalog/gazonokosilki/-mtd,http://udachno.by/31-sadovaya-texnika/127-visotorezi/1666-visotorez-teleskopicheskiie-gardena-410-bl-8782.html,http://fazenda.shop.by/,http://torgsin.shop.by/7997/8000/8001/25002/,[],http://camera.shop.by/sadovo-perkovaya_tekhnika/Gazonokosolki_benzinovye/Gazonokosolki_benzinovye_MTD/26056/,http://stroitel.shop.by/Gazonokosilki_Trimmeri/Benzinovie_gazonokosilki/benzogazonokosilki_MTD/mtd_advance_53_spkv_hw/
SMART RC 125,http://vitrina.shop.by/7205/Minitraktory/Minitraktor-MTD-SMART-RC-125/,http://mirtehniki.by/sadovaya_tehnika/sadovye_traktora/mtd_rc_125/,http://motoblok.by/1335/1336/3151/,http://nash-dom.shop.by/3988/Minitraktory/Minitraktor-MTD-SMART-RC-125/,[],http://gepard.by/sadovaya-tehnika/minitraktory/mtd-smart-rc-125,http://extrastore.by/catalog/gazonokosilki/mtd,[],[],http://www.21vek.by/grass_cuts/mtd_smartrc125.html?print,http://pingvin.shop.by/Gazonokosilki_Trimmeri/Elektrogazonokosilki/Elektrogazonokosilki_MTD/14395/,[],http://rsmarket.by/sadovaya_tehnika/3657/,http://mir-mtd.by/newest/product/sadovye_minitraktory/mtd_rc_125.html,[],http://bez-nal.by/28667/28670/28671/31943/,http://papa-karlo.shop.by/1583/557/2040/,http://www.technostil.by/main/garden/gazon/mtd/nesamohodnaya_benzinovaya_gazonokosilka_mtd_46_po/,http://krama.by/sadovaya-tehnika/10878/17278/,http://agro-shop.by/sadovaya-tehnika/,[],[],http://orion.shop.by/13394/38074/38079/,[],http://www.kosilka.by/product_info.php?products_id=1349,http://www.ydachnik.by/catalog/?id=1154,[],[],[],[],http://torgsin.shop.by/7997/8000/8001/8049/,http://www.suseki.by/catalog/gazonokosilki/mtd/gazonokosilka_mtd_smart_32_e/,[],http://stroitel.shop.by/Gazonokosilki_Trimmeri/Benzinovie_gazonokosilki/benzogazonokosilki_MTD/mtd_smart_rc_125/
OPTIMA LE 155 H RTG,http://www.vitrina.shop.by/7205/Minitraktory/Rayder-minitraktor-MTD-OPTIMA-LE-200-H-RTG/,[],http://motoblok.by/3292/1388/2197/,http://nash-dom.shop.by/3988/Minitraktory/Rayder-minitraktor-MTD-OPTIMA-LE-155-H-RTG/,[],http://gepard.by/sadovaya-tehnika/minitraktory/mtd-optima-ln-200-h-rtg,http://extrastore.by/products/sadovyj-mini-traktor-mtd-optima-le-155-h-rtg,[],[],http://www.21vek.by/grass_cuts/,[],http://svoiludi.by/products/mtd-optima-le-155-h-rtg,[],http://mir-mtd.by/catalog/product/sadovye_minitraktory/mtd_le_155_h.html,[],[],[],[],http://krama.by/sadovaya-tehnika/10878/MTD_155_H_RTG/,[],[],[],http://orion.shop.by/sitemap/,[],http://www.kosilka.by/index.php?manu=m1_MTD.html,http://www.ydachnik.by/catalog/?id=1243,[],[],[],[],http://torgsin.shop.by/7997/12898/20853/,[],[],http://stroitel.shop.by/Dacha_Sad_Ogorod/Motobloki_traktora/14625/
OPTIMA LN 200 H RTG,http://vitrina.shop.by/7205/Minitraktory/Rayder-minitraktor-MTD-OPTIMA-LE-200-H-RTG/,http://mirtehniki.by/sadovaya_tehnika/sadovye_traktora/,http://motoblok.by/1409/1430/1431/1435/,[],http://360.shop.by/2462/2478/2479/2480/,http://gepard.by/sadovaya-tehnika/minitraktory/mtd-optima-ln-200-h-rtg,http://extrastore.by/products/minitraktor-gazonokosilka-mtd-optima-ln-200-h-rtg,[],http://24shop.by/catalog/gazonokosilki-trimmery-minitraktory/benzinovaya-gazonokosilka-mtd-optima-46-srb-.html,http://www.21vek.by/grass_cuts/,http://pingvin.shop.by/Dacha_Sad_Ogorod/75/11415/,http://svoiludi.by/catalog/sadovye_traktora,http://rsmarket.by/sadovaya_tehnika/3657/7051/7084/,http://mir-mtd.by/catalog/product/mtd_benzo_gazon/mtd_benzo_gazon/mtd_ln_200_h.html,[],[],http://papa-karlo.shop.by/1583/557/2040/,[],http://krama.by/sadovaya-tehnika/10878/18118/,[],[],[],[],[],http://www.kosilka.by/index.php?cat=47&filter_id=1,http://www.ydachnik.by/catalog/?id=1243,http://7sotok.by/pages/price,http://50.by/products/mini-traktor-sadovyj-mtd-ln-200-h,http://udachno.by/30-gazonokosilki-i-trimmeri/68-gazonokosilki-benzinovie/5016-gazonokosilka-benzinovaya-mtd-optima-46-pb-nesamoxodnaya.html,[],[],[],[],[]
T/245,http://vitrina.shop.by/7205/Kultivatory/Kultivator-benzinovyy-MTD-T-245/,http://mirtehniki.by/sadovaya_tehnika/kultivator/kultivator_mtd/mtd_t_245/,http://motoblok.by/3292/1358/2033/,http://nash-dom.shop.by/3988/Kultivatory/Kultivator-benzinovyy-MTD-T-245/,http://360.shop.by/2462/2530/2502/3183/,http://gepard.by/sadovaya-tehnika/kultivatory/kultivator-mtd-t-245,[],[],http://24shop.by/catalog/kultivatory-i-motobloki/kultivator-mtd-t-245.html,http://www.21vek.by/cultivators/,http://pingvin.shop.by/Dacha_Sad_Ogorod/75/499/3432/,http://svoiludi.by/products/mtd-t-245,http://rsmarket.by/2312/,http://mir-mtd.by/newest/product/cult/mtd_t_245.html,http://www.golden.by/vse-dlya-doma-i-dachi/sadovaya-tehnika/kultivatori-i-motobloki.html,http://bez-nal.by/28667/,http://papa-karlo.shop.by/1583/557/2040/2055/,http://www.technostil.by/main/garden/kultivator/mtd/,http://krama.by/sadovaya-tehnika/Kak-vybrat-kultivator/kultivatory_MTD/6991/,http://agro-shop.by/sadovaya-tehnika/Kak-vybrat-kultivator/kultivatory_MTD/4899/,http://www.bikord.of.by/product_10101807.html,http://www.bes.shop.by/439/502/1439/589/,http://www.orion.shop.by/13394/13450/39769/,http://premium.shop.by/Gazon/Kultivator/2631/T_245/,http://kosilka.by/index.php?cat=47&filter_id=1,http://www.ydachnik.by/catalog/?id=115,http://7sotok.by/pages/product/view/234,http://50.by/products/kultivator-benzinovyj-mtd-t245,http://udachno.by/32-kultivatori-motobloki-motokultivatori/106-kultivatori-motokultivatori/4211-motokultivator-mtd-t-245.html,http://fazenda.shop.by/36/6/73/112/,http://torgsin.shop.by/7997/8011/12282/,http://www.suseki.by/catalog/navesnoe_oboroduvanie_k_kultivatoram_i_motoblokam/mtd/komplekt_navesnogo_oborudovaniya_dlya_mtd_t_245/,http://camera.shop.by/,http://www.stroitel.shop.by/2/
T/330 M,http://www.vitrina.shop.by/7205/Kultivatory/,http://mirtehniki.by/sadovaya_tehnika/kultivator/kultivator_mtd/mtd_t_330/,http://motoblok.by/3292/1358/2034/,http://nash-dom.shop.by/3988/Kultivatory/Kultivator-benzinovyy-MTD-T-330-M/,http://360.shop.by/2462/2530/2502/3184/,http://gepard.by/sadovaya-tehnika/kultivatory/kultivator-mtd-t-330-m,http://extrastore.by/products/motokultivator-mtd-t330-b-700-,[],http://24shop.by/catalog/kultivatory-i-motobloki/kultivator-mtd-t330.html,http://www.21vek.by/cultivators/,http://pingvin.shop.by/Dacha_Sad_Ogorod/75/499/3434/,http://svoiludi.by/catalog/kultivatory_i_motobloki/mtd,http://rsmarket.by/2312/,http://mir-mtd.by/catalog/product/cult/mtd_t_330_m.html,http://www.golden.by/vse-dlya-doma-i-dachi/sadovaya-tehnika/kultivatori-i-motobloki/1356171804.html,http://bez-nal.by/28667/28680/28876/31997/,http://papa-karlo.shop.by/1583/557/,http://www.technostil.by/main/garden/kultivator/mtd/kultivator_benzinovyj_mtd_t_330_m_motokultivator/,http://krama.by/sadovaya-tehnika/Kak-vybrat-kultivator/kultivatory_MTD/8776/,http://agro-shop.by/sadovaya-tehnika/Kak-vybrat-trimmer/,http://www.bikord.of.by/product_10101809.html,http://www.bes.shop.by/439/502/1439/588/,http://www.orion.shop.by/13394/13450/39766/,http://premium.shop.by/Gazon/Kultivator/2631/T330/,http://kosilka.by/index.php?cat=47&filter_id=1,http://www.ydachnik.by/catalog/?id=116,http://7sotok.by/pages/product/view/239,[],http://udachno.by/32-kultivatori-motobloki-motokultivatori/106-kultivatori-motokultivatori/4212-motokultivator-mtd-t-330-m.html,http://fazenda.shop.by/36/6/73/113/,http://torgsin.shop.by/7997/8011/12282/8117/,http://www.suseki.by/catalog/kultivatory/mtd/kultivator_benzinovyy_mtd_t_330_b_700/,http://camera.shop.by/sadovo-perkovaya_tekhnika/kultivatory/kultivatory_MTD/21534/,[]
T/330 B 700,http://www.vitrina.shop.by/7205/Kultivatory/,[],http://motoblok.by/,http://nash-dom.shop.by/,http://360.shop.by/2462/2530/2502/3184/,http://gepard.by/sadovaya-tehnika/kultivatory/kultivator-mtd-t-330-m,[],[],http://24shop.by/catalog/gazonokosilki-trimmery-minitraktory/?show_count=60&SECTION_CODE=gazonokosilki-trimmery-minitraktory&EL_URL=24shop.by,http://www.21vek.by/cultivators/,http://pingvin.shop.by/Dacha_Sad_Ogorod/75/499/3434/,http://svoiludi.by/catalog/kultivatory_i_motobloki/mtd,http://rsmarket.by/sadovaya_tehnika/kultivator/2157/2523/,http://mir-mtd.by/random/product/cult/mtd_t_330_m_bs.html,http://www.golden.by/melkaya-bitovaya-tehnika/kuhonnaya-tehnika/mikrovolnovie-pechi.html,http://bez-nal.by/28667/,[],http://www.technostil.by/main/garden/kultivator/mtd/kultivator_benzinovyj_mtd_t330_b_motokultivator_dvigatel_briggsstratton/,http://krama.by/sadovaya-tehnika/Kak-vybrat-kultivator/kultivatory_MTD/,[],[],http://bes.shop.by/439/502/1439/589/,[],http://premium.shop.by/Gazon/Kultivator/2631/T330/,http://www.kosilka.by/index.php?cat=47&filter_id=1,http://www.ydachnik.by/catalog/?id=1347,http://7sotok.by/pages/product/view/239,http://50.by/products/kultivator-mtd-t-330-b-700,[],http://fazenda.shop.by/36/?page_size=12&page_id=1,http://torgsin.shop.by/7997/8011/12282/21698/,http://www.suseki.by/catalog/kultivatory/mtd/kultivator_benzinovyy_mtd_t_330_b_700/,http://camera.shop.by/sadovo-perkovaya_tekhnika/kultivatory/kultivatory_MTD/30660/,http://stroitel.shop.by/Dacha_Sad_Ogorod/671/3959/4409/
T/380 M,http://www.vitrina.shop.by/7205/Kultivatory/Kultivator-benzinovyy-MTD-T-380-M/,[],http://motoblok.by/1472/2559/,http://nash-dom.shop.by/3988/Kultivatory/Kultivator-benzinovyy-MTD-T-380-M/,http://360.shop.by/2462/2530/2502/3212/,http://gepard.by/sadovaya-tehnika/kultivatory/kultivator-mtd-t-380-m,[],[],http://24shop.by/catalog/kultivatory-i-motobloki/kultivator-benzinovyy-mtd-t-380.html,[],http://pingvin.shop.by/Dacha_Sad_Ogorod/75/499/4469/,[],http://rsmarket.by/sadovaya_tehnika/kultivator/2157/3457/,http://mir-mtd.by/,http://www.golden.by/vse-dlya-doma-i-dachi/sadovaya-tehnika/gazonokosilki-trimmeri-minitraktori/mtd.html,http://bez-nal.by/28667/28680/,[],http://www.technostil.by/main/garden/kultivator/mtd/kultivator_benzinovyj_mtd_t_380_m_t380/,http://krama.by/sadovaya-tehnika/Kak-vybrat-kultivator/,[],http://www.bikord.of.by/product_15720236.html,http://www.bes.shop.by/439/502/1439/2134/,http://www.orion.shop.by/13394/13450/39779/,[],http://www.kosilka.by/product_info.php?products_id=957,http://www.ydachnik.by/catalog/?id=483,http://7sotok.by/pages/product/view/273,[],http://udachno.by/32-kultivatori-motobloki-motokultivatori/106-kultivatori-motokultivatori/4214-motokultivator-mtd-t-380-m.html,http://fazenda.shop.by/,http://torgsin.shop.by/7997/8011/12282/8237/,http://www.suseki.by/catalog/kultivatory/mtd/kultivator_benzinovyy_mtd_t_380_m/,[],http://stroitel.shop.by/1470/10343/14151/
M53,http://vitrina.shop.by/7205/Snegouboroshchiki/MTD/7601/,[],[],http://nash-dom.shop.by/3988/Snegouboroshchiki/MTD/5724/,http://360.shop.by/2462/2474/2475/2617/,[],[],[],[],http://www.21vek.by/snow_cleaners/mtd_m53.html,[],http://svoiludi.by/products/mtd-m-53,[],http://mir-mtd.by/catalog/product/snow/mtd_m_53.html,[],http://bez-nal.by/28667/28679/43821/40049/,[],http://www.technostil.by/main/garden/snow/benzinovaya_snegouborochnaya_mashina_mtd_m_53_snegouborwik/,http://krama.by/sadovaya-tehnika/snegouborshik_showblizzard/16237/16591/,[],http://www.bikord.of.by/product_22760390.html,[],[],[],http://www.kosilka.by/product_info.php?products_id=976,http://www.ydachnik.by/catalog/?id=956,http://7sotok.by/pages/product/view/549,http://50.by/products/snegouborschik-mtd-m-53,http://udachno.by/35-snegouborochnaya-texnika/73-snegootbrasivateli-snegouborshiki-snegouborochnie-mashini/3413-cnegouborshik-mtd-m-53.html,[],http://torgsin.shop.by/7997/8010/23717/19946/,[],[],[]
M56,http://vitrina.shop.by/7205/Snegouboroshchiki/MTD/7604/,http://mirtehniki.by/sadovaya_tehnika/snegouborshchik/snegouborka_mtd/841/,http://motoblok.by/2999/3000/3007/,http://nash-dom.shop.by/3988/Snegouboroshchiki/MTD/5932/,http://360.shop.by/2462/2474/2475/2619/,http://gepard.by/sadovaya-tehnika/snegouborochnaya-tehnika/snegouborochnaya-mashina-mtd-m-56,http://extrastore.by/products/snegouborschik-mtd-m-56,[],http://24shop.by/catalog/snegouborshchiki/snegouborshchik-mtd-m-56.html,[],[],[],http://rsmarket.by/sadovaya_tehnika/1788/2158/3725/,http://mir-mtd.by/catalog/product/snow/mtd_m_56.html,[],[],[],[],http://krama.by/sadovaya-tehnika/snegouborshik_showblizzard/16237/20595/,[],[],http://bes.shop.by/601/2361/2009/,[],[],[],http://www.ydachnik.by/catalog/?id=657,http://7sotok.by/pages/product/view/545,[],[],[],http://torgsin.shop.by/7997/8010/23717/19947/,http://www.suseki.by/catalog/snegouborshchiki/mtd/snegouborshchik_benzinovyy_mtd_m_56/,[],[]
M61,[],http://mirtehniki.by/sadovaya_tehnika/snegouborshchik/snegouborka_mtd/mtd_m_61/,http://motoblok.by/2999/3000/3012/,http://nash-dom.shop.by/3988/Snegouboroshchiki/MTD/5693/,[],http://gepard.by/sadovaya-tehnika/snegouborochnaya-tehnika/mtd-m-61,[],[],[],[],[],http://svoiludi.by/products/mtd-m-61,http://rsmarket.by/sadovaya_tehnika/1788/2158/3684/,http://mir-mtd.by/random/product/snow/mtd_m_61.html,http://www.golden.by/professionalnaya-i-bitovaya-tehnika/snegouborshchiki/1138191008.html,[],http://papa-karlo.shop.by/1419/2008/2751/2774/,[],http://krama.by/sadovaya-tehnika/snegouborshik_showblizzard/15758/,[],[],[],[],http://premium.shop.by/1113/5802/6805/MTDM61/,http://www.kosilka.by/product_info.php?products_id=1020,http://www.ydachnik.by/news/?id=115,http://7sotok.by/pages/product/view/557,http://50.by/products/snegouborschik-mtd-m-61,http://udachno.by/35-snegouborochnaya-texnika/73-snegootbrasivateli-snegouborshiki-snegouborochnie-mashini/3415-cnegouborshik-mtd-m-61.html,http://fazenda.shop.by/36/12/1048/,http://torgsin.shop.by/7997/8010/23717/11344/,[],[],[]
ME61,http://vitrina.shop.by/7205/Snegouboroshchiki/,http://mirtehniki.by/sadovaya_tehnika/snegouborshchik/snegouborka_mtd/,http://motoblok.by/2999/3004/,http://nash-dom.shop.by/3988/Snegouboroshchiki/MTD/5725/,http://360.shop.by/2462/2474/2616/,http://gepard.by/sadovaya-tehnika/snegouborochnaya-tehnika/snegouborochnaya-mashina-fermer-fs-165-pro,http://extrastore.by/products/snegouborschik-mtd-me-61,[],[],[],[],http://svoiludi.by/products/mtd-me-61,[],http://mir-mtd.by/newest/product/snow/mtd_me_61.html,[],[],http://papa-karlo.shop.by/1419/2008/2751/2752/,http://www.technostil.by/main/garden/snow/samohodnaya_snegouborochnaya_mashina_mtd_me_61_snegouborwik/,http://krama.by/sadovaya-tehnika/snegouborshik_showblizzard/16237/16954/,[],[],http://www.bes.shop.by/601/2361/2010/,[],http://premium.shop.by/1113/5802/6805/MTDME61/,[],[],http://7sotok.by/pages/product/view/551,[],http://udachno.by/35-snegouborochnaya-texnika/73-snegootbrasivateli-snegouborshiki-snegouborochnie-mashini/3416-cnegouborshik-mtd-me-61.html,[],http://www.torgsin.shop.by/12615/,[],[],[]
OPTIMA ME66,http://vitrina.shop.by/7205/Snegouboroshchiki/MTD/7603/,http://mirtehniki.by/sadovaya_tehnika/snegouborshchik/snegouborka_mtd/mtd_me_66/,[],http://nash-dom.shop.by/3988/Snegouboroshchiki/MTD/5726/,[],http://gepard.by/sadovaya-tehnika/snegouborochnaya-tehnika/mtd-me-66,http://extrastore.by/products/snegouborschik-mtd-me-66,[],[],[],http://pingvin.shop.by/reviews/?item_id=15799,[],http://rsmarket.by/sadovaya_tehnika/1788/2158/3763/,http://mir-mtd.by/random/product/snow/mtd_me66.html,[],http://bez-nal.by/reviews/?item_id=136644,http://papa-karlo.shop.by/1419/2008/2751/2756/,[],[],[],[],[],[],http://premium.shop.by/1113/5802/6805/MTDME66T/,http://www.kosilka.by/product_info.php?products_id=1024,http://www.ydachnik.by/catalog/?id=655,http://7sotok.by/pages/product/view/556,[],http://udachno.by/35-snegouborochnaya-texnika/73-snegootbrasivateli-snegouborshiki-snegouborochnie-mashini/6814-cnegouborochnaya-mashina-mtd-optima-me-66.html,http://fazenda.shop.by/36/12/1561/,[],[],[],[]
OPTIMA ME76,[],[],[],http://nash-dom.shop.by/3988/Snegouboroshchiki/MTD/5716/,http://360.shop.by/2462/2474/2618/,http://gepard.by/sadovaya-tehnika/snegouborochnaya-tehnika/mtd-me-76,http://extrastore.by/products/snegouborschik-mtd-me-76,[],[],http://www.21vek.by/snow_cleaners/mtd_me76.html,http://pingvin.shop.by/reviews/?item_id=15799,http://svoiludi.by/products/mtd-me-76,http://rsmarket.by/sadovaya_tehnika/1788/2158/3728/,http://mir-mtd.by/catalog/product/snow/mtd_me76.html,http://www.golden.by/professionalnaya-i-bitovaya-tehnika/snegouborshchiki.html,http://bez-nal.by/reviews/?item_id=136645,http://papa-karlo.shop.by/1419/2008/2751/2754/,http://www.technostil.by/main/garden/snow/benzinovaya_samohodnaya_snegouborochnaya_mashina_mtd_me_76_snegouborwik/,[],[],[],http://bes.shop.by/601/2361/2013/,[],http://premium.shop.by/1113/5802/6805/MTDME76/,http://www.kosilka.by/product_info.php?products_id=1023,http://www.ydachnik.by/catalog/?id=656,[],http://50.by/products/snegouborschik-mtd-me-76,[],http://fazenda.shop.by/36/12/1562/,http://torgsin.shop.by/7997/8010/,[],http://camera.shop.by/sadovo-perkovaya_tekhnika/snegouborshhiki/snegouborshhiki_MTD/21531/,http://stroitel.shop.by/klimat_tehnika/13431/13432/15210/15234/
BV3100,http://vitrina.shop.by/7205/Vozdukhoduvki-sadovyye-pylesosy/7556/,http://mirtehniki.by/sadovaya_tehnika/sadoviy_pylesos_mtd/,[],http://nash-dom.shop.by/3988/Vozdukhoduvki-sadovyye-pylesosy/4603/,[],http://gepard.by/sadovaya-tehnika/vozduhoduvki/sadovyj-pylesos-mtd-bv3100,http://extrastore.by/catalog/benzinovye-,[],http://24shop.by/catalog/sadovye-pylesosy/sadovyy-pylesos-mtd-bv3100.html,http://www.21vek.by/garden_blowers/mtd_bv3100.html,http://pingvin.shop.by/Dacha_Sad_Ogorod/vozduhoduvki/12963/,http://svoiludi.by/catalog/vozduhoduvki_i_raspyliteli,http://rsmarket.by/sadovaya_tehnika/1785/2156/2308/,[],http://www.golden.by/vse-dlya-doma-i-dachi/sadovaya-tehnika/sadovie-pilesosi/1362100388.html,http://bez-nal.by/reviews/?item_id=41021,http://papa-karlo.shop.by/1419/166/2100/2101/,http://www.technostil.by/main/garden/gard/,[],[],[],[],[],http://premium.shop.by/1113/1824/2307/BV_3100/,[],http://www.ydachnik.by/catalog/?id=73,[],http://50.by/products/sadovyj-izmelchitel-pylesos-mtd-bv-3100,http://udachno.by/31-sadovaya-texnika/51-vozduxoduvki-i-sadovie-pilesosi.html,[],[],[],[],http://stroitel.shop.by/Dacha_Sad_Ogorod/vozduhoduvki/15404/
VG40 BM,http://vitrina.shop.by/7205/Aeratory-i-skarifikatory/Aerator-vertikutter-benzinovyy-MTD-VG-40-BM/,[],http://motoblok.by/1335/1336/2239/,http://nash-dom.shop.by/3988/Aeratory-i-skarifikatory/Aerator-vertikutter-benzinovyy-MTD-VG-40-BM/,[],http://gepard.by/sadovaya-tehnika/aeratory,http://extrastore.by/catalog/vertikuttery-aeratory,[],http://24shop.by/catalog/vertikuttery/vertikutter-aerator-benzinovyy-mtd-vg-40-bm.html,http://www.21vek.by/cultivators/mtd_vg40bm.html,http://pingvin.shop.by/Dacha_Sad_Ogorod/aeratori/11416/,http://svoiludi.by/products/mtd-vg-40-bm,http://rsmarket.by/sadovaya_tehnika/2529/2572/,[],http://www.golden.by/vse-dlya-doma-i-dachi/sadovaya-tehnika/vertikutteri/1351169074.html,http://bez-nal.by/28667/28669/,http://papa-karlo.shop.by/1583/3211/3213/,[],http://krama.by/sadovaya-tehnika/kak-vibrat-aerator/,[],[],[],http://orion.shop.by/sitemap/,http://www.premium.shop.by/Gazon/Aerator/2309/VG_40_BM/,http://www.kosilka.by/product_info.php?products_id=106,http://www.ydachnik.by/catalog/?id=465,http://7sotok.by/pages/product/view/5,http://50.by/products/benzinovyj-vertikutter-mtd-vg-40-bm,http://udachno.by/31-sadovaya-texnika/125-aeratori-gazona/4466-vertikutter-mtd-vg-40-bm-benzinoviie.html,[],http://torgsin.shop.by/7997/7999/8039/,[],[],http://stroitel.shop.by/Dacha_Sad_Ogorod/aeratori/14627/
